9a35cb991017,test,test@test.com,123461321313,,,
9a35cb991017,test,test@test.com,123461321313,,,
9a35cb991017,test,test@test.com,123461321313,,,
9a35cb991017,test,test@test.com,123461321313,,,
9a35cb991017,test,test@test.com,123461321313,,,
9a35cb991017,test,test@test.com,123461321313,,,
9a35cb991017,test,test@test.com,123461321313,,,
9a35cb991017,test,test@test.com,123461321313,,,
9a35cb991017,test,test@test.com,123461321313,,,
9a35cb991017,test,test@test.com,123461321313,,,
9a35cb991017,test,test@test.com,123461321313,,,
9a35cb991017,test,test@test.com,123461321313,,,
9a35cb991017,test,test@test.com,123461321313,,,
9a35cb991017,asdf,aa@aa.com,4643131131,,,
9a35cb991017,asdf,aa@aa.com,4643131131,,,
9a35cb991017,asdf,aa@aa.com,4643131131,,,
9a35cb991017,asdf,aa@aa.com,4643131131,,,
9a35cb991017,asdf,aa@aa.com,4643131131,,,
9a35cb991017,asdf,aa@aa.com,4643131131,,,
9a35cb991017,asdf,aa@aa.com,4643131131,,,
9a35cb991017,asdf,aa@aa.com,4643131131,,,
9a35cb991017,asdf,aa@aa.com,4643131131,,,
9a35cb991017,asdf,aa@aa.com,4643131131,,,
9a35cb991017,asdfasdf,t@t.com,12313,,,
9a35cb991017,asdfasdf,t@t.com,12313,,,
9a35cb991017,asdfasdf,t@t.com,12313,,,
9a35cb991017,asdfasdf,t@t.com,12313,,,
9a35cb991017,adf,a@a.com,1313,,,
9a35cb991017,adf,a@a.com,1313,,,
9a35cb991017,adf,a@a.com,1313,,,
9a35cb991017,adf,a@a.com,1313,,,
9a35cb991017,adf,a@a.com,1313,,,
9a35cb991017,adf,a@a.com,1313,,,
9a35cb991017,adf,a@a.com,1313,,,
9a35cb991017,adf,a@a.com,1313,,,
9a35cb991017,adf,a@a.com,1313,,,
9a35cb991017,adf,a@a.com,1313,,,
9a35cb991017,adf,a@a.com,1313,,,
9a35cb991017,adf,a@a.com,1313,,,
9a35cb991017,adf,a@a.com,1313,,,
9a35cb991017,adf,a@a.com,1313,,,
9a35cb991017,adf,a@a.com,1313,,,
9a35cb991017,adf,a@a.com,1313,,,
9a35cb991017,adf,a@a.com,1313,,,
9a35cb991017,adf,a@a.com,1313,,,
9a35cb991017,adf,a@a.com,1313,,,
9a35cb991017,adf,a@a.com,1313,,,
9a35cb991017,adf,a@a.com,1313,,,
9a35cb991017,adf,a@a.com,1313,,,
9a35cb991017,adf,a@a.com,1313,,,
9a35cb991017,adf,a@a.com,1313,,,
9a35cb991017,adf,a@a.com,1313,,,
9a35cb991017,adf,a@a.com,1313,,,
9a35cb991017,adf,a@a.com,1313,,,
9a35cb991017,adf,a@a.com,1313,,,
9a35cb991017,adf,a@a.com,131341313,,,
9a35cb991017,adf,a@a.com,131341313,,,
9a35cb991017,adf,a@a.com,131341313,,,
9a35cb991017,adf,a@a.com,131341313,,,
9a35cb991017,adf,a@a.com,131341313,,,
9a35cb991017,adf,a@a.com,131341313,,,
9a35cb991017,adf,a@a.com,131341313,,,
9a35cb991017,adf,a@a.com,131341313,,,
9a35cb991017,adf,a@a.com,131341313,,,
9a35cb991017,adf,a@a.com,131341313,,,
9a35cb991017,adf,a@a.com,131341313,,,
9a35cb991017,adf,a@a.com,131341313,,,
9a35cb991017,adf,a@a.com,131341313,,,
9a35cb991017,adf,a@a.com,131341313,,,
9a35cb991017,adf,a@a.com,131341313,,,
9a35cb991017,adf,a@a.com,131341313,,,
9a35cb991017,adf,a@a.com,131341313,,,
9a35cb991017,adf,a@a.com,131341313,,,
9a35cb991017,adf,a@a.com,131341313,,,
9a35cb991017,adf,a@a.com,131341313,,,
9a35cb991017,adf,a@a.com,131341313,,,
9a35cb991017,adf,a@a.com,131341313,,,
9a35cb991017,adf,a@a.com,131341313,,,
9a35cb991017,adf,a@a.com,131341313,,,
9a35cb991017,adf,a@a.com,131341313,,,
9a35cb991017,adf,a@a.com,131341313,,,
9a35cb991017,adf,a@a.com,131341313,,,
9a35cb991017,adf,a@a.com,131341313,,,
9a35cb991017,adf,a@a.com,131341313,,,
9a35cb991017,adf,a@a.com,131341313,,,
9a35cb991017,adf,a@a.com,131341313,,,
9a35cb991017,adf,a@a.com,131341313,,,
9a35cb991017,adf,a@a.com,131341313,,,
9a35cb991017,adf,a@a.com,131341313,,,
9a35cb991017,adf,a@a.com,131341313,,,
9a35cb991017,adf,a@a.com,131341313,,,
9a35cb991017,adf,a@a.com,131341313,,,
9a35cb991017,adf,a@a.com,131341313,,,
9a35cb991017,,,,,,
9a35cb991017,,,,,,
9a35cb991017,,,,,,
9a35cb991017,test,t@t.com,80283048082,,90,243
9a35cb991017,test,a@a.com,80283048082,,90,243
9a35cb991017,test,a@a.com,80283048082234234234,,90,243
9a35cb991017,test,a@A.com,123,,90,243
9a35cb991017,test,a@A.com,123,,90,243
9a35cb991017,"test 180520192",180520192@180520192.com,180520192180520192,test,utmsource,medium
9a35cb991017,"Ramazan ",classs_25@hotmail.com,05385107772,sitelink,Google,commodity
9a35cb991017,"deneme test ",doviz.jetanaliz@gmail.com,45645656151,kasim2019,testsource,testbanner
